title,address,phone,time,website,email
Master Chef Restaurant,,,,,
,"937 N Hill St, Los Angeles, CA 90012",,,,
,,(213) 687-3638,,,
,,,Today: 11:30 am - 11:30 pm,,
,,,,http://www.masterchefhillst.com,
,,,,,waylandt2001@yahoo.com
title,address,phone,time,website,email
New Dragon Sea Food Restaurant,,,,,
,"934 N Hill St, Los Angeles, CA 90012",,,,
,,(213) 626-6050,,,
,,,Today: 10:00 am - 10:00 pm,,
,,,,,
,,,,,newdrgn12@gmail.com
title,address,phone,time,website,email
Noodle World Jr,,,,,
,"6118 W Sunset Blvd, Los Angeles, CA 90028",,,,
,,(323) 960-0999,,,
,,,Today: 11:00 am - 9:00 pm,,
,,,,http://noodleworld.com,
,,,,,
title,address,phone,time,website,email
China Town Express 80,,,,,
,"5445 Hollywood Blvd, Los Angeles, CA 90027",,,,
,,(323) 461-1207,,,
,,,Today: 11:00 am - 10:00 pm,,
,,,,,
,,,,,
title,address,phone,time,website,email
Via Cafe,,,,,
,"451 Gin Ling Way, Los Angeles, CA 90012",,,,
,,(213) 617-1481,,,
,,,Today: 11:00 am - 10:00 pm,,
,,,,,
,,,,,
title,address,phone,time,website,email
Tim's Kitchen,,,,,
,"3125 W Jefferson Blvd, Los Angeles, CA 90018",,,,
,,(323) 731-0769,,,
,,,Today: 11:30 pm - 8:00 pm,,
,,,,http://timskitchen.com,
,,,,,
title,address,phone,time,website,email
China Wok,,,,,
,"1527 Crenshaw Blvd, Los Angeles, CA 90019",,,,
,,(323) 954-8486,,,
,,,Today: 11:00 am - 10:00 pm,,
,,,,http://www.chinawokla.com,
,,,,,
title,address,phone,time,website,email
Chi Dynasty,,,,,
,"1813 Hillhurst Ave, Los Angeles, CA 90027",,,,
,,(323) 656-4800,,,
,,,Today: 11:30 am - 10:00 pm,,
,,,,http://chidynasty.com,
,,,,,info@chidynasty.com
title,address,phone,time,website,email
Ocha Classic,,,,,
,"835 S Vermont Ave, Los Angeles, CA 90005",,,,
,,(213) 383-4249,,,
,,,Today: 9:00 am - 10:00 pm,,
,,,,,
,,,,,
title,address,phone,time,website,email
China Express,,,,,
,"3592 E 1st St, Los Angeles, CA 90063",,,,
,,(323) 264-4986,,,
,,,Today: 12:00 pm - 9:00 pm,,
,,,,,
,,,,,
title,address,phone,time,website,email
Master Chef Restaurant,,,,,
,"937 N Hill St, Los Angeles, CA 90012",,,,
,,(213) 687-3638,,,
,,,Today: 11:30 am - 11:30 pm,,
,,,,http://www.masterchefhillst.com,
,,,,,waylandt2001@yahoo.com
title,address,phone,time,website,email
Noodle Planet,,,,,
,"1118 Westwood Blvd, Los Angeles, CA 90024",,,,
,,(310) 208-0777,,,
,,,Today: 11:00 am - 10:30 pm,,
,,,,http://noodleplanet.com,
,,,,,
title,address,phone,time,website,email
Chow Mein Chinese Restaurant,,,,,
,"701 W Cesar E Chavez Ave, Los Angeles, CA 90012",,,,
,,(213) 625-2222,,,
,,,Today: 11:00 am - 10:00 pm,,
,,,,,
,,,,,
title,address,phone,time,website,email
Golden City Restaurant,,,,,
,"960 N Hill St, Los Angeles, CA 90012",,,,
,,(213) 253-2660,,,
,,,Today: 11:00 am - 10:00 pm,,
,,,,http://www.goldencityla.com,
,,,,,
title,address,phone,time,website,email
Mandarin Kitchen,,,,,
,"1822 Westwood Blvd, Los Angeles, CA 90025",,,,
,,(310) 441-9651,,,
,,,Today: 10:00 am - 10:00 pm,,
,,,,https://www.mandarinkitchenlosangelesca.com/#,
,,,,,
title,address,phone,time,website,email
Regent China Inn,,,,,
,"747 N Main St, Los Angeles, CA 90012",,,,
,,(213) 680-3333,,,
,,,Today: 11:00 am - 10:00 pm,,
,,,,,
,,,,,
title,address,phone,time,website,email
Hu's Restaurant,,,,,
,"10450 National Blvd, Los Angeles, CA 90034",,,,
,,(310) 837-0252,,,
,,,Today: 5:00 pm - 9:30 pm,,
,,,,http://www.husrestaurant.com,
,,,,,
title,address,phone,time,website,email
Kabayo Cham Bada,,,,,
,"201 N Western Ave, Los Angeles, CA 90004",,,,
,,(323) 645-7668,,,
,,,Today: 11:00 am - 10:00 pm,,
,,,,,
,,,,,
title,address,phone,time,website,email
Hong Kong Express,,,,,
,"934 S Los Angeles St Ste 3, Los Angeles, CA 90015",,,,
,,(213) 627-6888,,,
,,,Today: 11:00 am - 10:00 pm,,
,,,,http://www.hongkongexpressla.com,
,,,,,
title,address,phone,time,website,email
Uncle John's Cafe,,,,,
,"834 S Los Angeles St, Los Angeles, CA 90014",,,,
,,(213) 623-3555,,,
,,,Tomorrow: 6:30 am - 3:00 pm,,
,,,,https://www.yelp.com,
,,,,,ujcafe@yahoo.com
title,address,phone,time,website,email
Hong Kong Kitchen,,,,,
,"5088 Valley Blvd, Los Angeles, CA 90032",,,,
,,(323) 222-2369,,,
,,,Today: 12:00 pm - 6:30 pm,,
,,,,http://www.hongkongcatogo.com,
,,,,,
title,address,phone,time,website,email
Hopwoo Restaurant,,,,,
,"11110 W Olympic Blvd, Los Angeles, CA 90064",,,,
,,(310) 575-3668,,,
,,,Today: 10:00 am - 1:00 am,,
,,,,http://www.hopwoo.com,
,,,,,
title,address,phone,time,website,email
Red Moon Cafe,,,,,
,"11267 National Blvd, Los Angeles, CA 90064",,,,
,,(310) 473-8451,,,
,,,Tomorrow: 11:00 am - 3:30 pm,,
,,,,,
,,,,,
title,address,phone,time,website,email
Smoke's Poutinerie,,,,,
,"1552 N Cahuenga Blvd, Los Angeles, CA 90028",,,,
,,(323) 745-0267,,,
,,,Today: 11:00 am - 10:00 pm,,
,,,,http://smokespoutinerie.com,
,,,,,smoke@smokespoutinerie.com
title,address,phone,time,website,email
Golden Dragon Restaurant,,,,,
,"960 N Broadway, Los Angeles, CA 90012",,,,
,,(213) 626-2039,,,
,,,Today: 8:00 am - 10:00 pm,,
,,,,http://www.goldendragonchineserestaurant.com,
,,,,,send@giftrocket.com
title,address,phone,time,website,email
Chic Wine Bar,,,,,
,"5545 W Pico Blvd, Los Angeles, CA 90019",,,,
,,(323) 525-0234,,,
,,,Today: 5:00 pm - 9:30 pm,,
,,,,,
,,,,,
title,address,phone,time,website,email
Genghis Cohen,,,,,
,"740 N Fairfax Ave, Los Angeles, CA 90046",,,,
,,(323) 653-0640,,,
,,,Today: 12:00 pm - 10:30 pm,,
,,,,http://www.genghiscohen.com,
,,,,,
title,address,phone,time,website,email
Chyn King,,,,,
,"5770 W 3rd St, Los Angeles, CA 90036",,,,
,,(323) 939-0011,,,
,,,Today: 11:30 am - 10:30 pm,,
,,,,http://www.chyn-king.com,
,,,,,
title,address,phone,time,website,email
New Panda Buffet,,,,,
,"5120 Rodeo Rd, Los Angeles, CA 90016",,,,
,,(323) 291-5555,,,
,,,Today: 10:30 am - 10:00 pm,,
,,,,,
,,,,,
title,address,phone,time,website,email
Coral Reef Chinese Restaurant,,,,,
,"3200 Glendale Blvd, Los Angeles, CA 90039",,,,
,,(323) 660-3260,,,
,,,Today: 9:00 am - 12:00 pm,,
,,,,http://www.coralreefchinese.com,
,,,,,
title,address,phone,time,website,email
Hop Louie,,,,,
,"950 Mei Ling Way, Los Angeles, CA 90012",,,,
,,(213) 628-4244,,,
,,,Today: 12:00 pm - 9:00 pm,,
,,,,,
,,,,,
